experiment_name,namespace,type,name,container_name,timezone,cpuUsage_sum,cpuUsage_avg,cpuUsage_max,cpuUsage_min,cpuThrottle_sum,cpuThrottle_avg,cpuThrottle_max,cpuRequest_sum,cpuRequest_avg,cpuLimit_sum,cpuLimit_avg,memoryRSS_sum,memoryRSS_avg,memoryRSS_max,memoryRSS_min,memoryUsage_sum,memoryUsage_avg,memoryUsage_max,memoryUsage_min,memoryRequest_sum,memoryRequest_avg,memoryLimit_sum,memoryLimit_avg,duration_based_short_term_cpu_requests,duration_based_short_term_memory_requests,duration_based_short_term_cpu_limits,duration_based_short_term_memory_limits,duration_based_medium_term_cpu_requests,duration_based_medium_term_memory_requests,duration_based_medium_term_cpu_limits,duration_based_medium_term_memory_limits,duration_based_long_term_cpu_requests,duration_based_long_term_memory_requests,duration_based_long_term_cpu_limits,duration_based_long_term_memory_limits,cpuUsage_format,memoryRequest_format,memoryRSS_format,cpuThrottle_format,memoryLimit_format,cpuLimit_format,memoryUsage_format,cpuRequest_format
cert-manager-openshift-routes|deployment|cert-manager,cert-manager,deployment,cert-manager-openshift-routes,cert-manager-openshift-routes,2023-05-27T17:15:00.000Z,0.000786,0.000786,0.001154,0.000397,0.000553,0.000553,0.000553,0.05,0.05,0.1,0.1,24.1953125,24.1953125,24.1953125,24.1953125,36.652595766129494,36.652595766129494,36.65625,36.65234375,50.0,50.0,100.0,100.0,,,,,,,,,,,,,cores,MiB,MiB,cores,MiB,cores,MiB,cores
cert-manager-openshift-routes|deployment|cert-manager,cert-manager,deployment,cert-manager-openshift-routes,cert-manager-openshift-routes,2023-05-27T17:30:00.000Z,0.000779,0.000779,0.00135,0.00037,0.00063,0.00063,0.00063,0.05,0.05,0.1,0.1,24.1953125,24.1953125,24.1953125,24.1953125,36.660408266129494,36.660408266129494,36.90234375,36.65234375,50.0,50.0,100.0,100.0,,,,,,,,,,,,,cores,MiB,MiB,cores,MiB,cores,MiB,cores
cert-manager-openshift-routes|deployment|cert-manager,cert-manager,deployment,cert-manager-openshift-routes,cert-manager-openshift-routes,2023-05-27T17:45:00.000Z,0.000785,0.000785,0.001133,0.000431,0.000934,0.000934,0.000934,0.05,0.05,0.1,0.1,24.18472782258034,24.18472782258034,24.3125,24.13671875,36.665952620967865,36.665952620967865,36.90234375,36.59765625,50.0,50.0,100.0,100.0,,,,,,,,,,,,,cores,MiB,MiB,cores,MiB,cores,MiB,cores
cert-manager-openshift-routes|deployment|cert-manager,cert-manager,deployment,cert-manager-openshift-routes,cert-manager-openshift-routes,2023-05-27T18:00:00.000Z,0.000793,0.000793,0.001295,0.000426,0.001298,0.001298,0.001298,0.05,0.05,0.1,0.1,24.202116935483932,24.202116935483932,24.3203125,24.140625,36.66721270161247,36.66721270161247,36.84765625,36.59765625,50.0,50.0,100.0,100.0,,,,,,,,,,,,,cores,MiB,MiB,cores,MiB,cores,MiB,cores
cert-manager-openshift-routes|deployment|cert-manager,cert-manager,deployment,cert-manager-openshift-routes,cert-manager-openshift-routes,2023-05-27T18:15:00.000Z,0.0007700000000000001,0.0007700000000000001,0.001391,0.000344,0.000795,0.000795,0.000795,0.05,0.05,0.1,0.1,24.140625,24.140625,24.140625,24.140625,36.59765625,36.59765625,36.59765625,36.59765625,50.0,50.0,100.0,100.0,,,,,,,,,,,,,cores,MiB,MiB,cores,MiB,cores,MiB,cores
cert-manager-openshift-routes|deployment|cert-manager,cert-manager,deployment,cert-manager-openshift-routes,cert-manager-openshift-routes,2023-05-27T18:30:00.000Z,0.000782,0.000782,0.001178,0.000335,0.0007639999999999999,0.0007639999999999999,0.0007639999999999999,0.05,0.05,0.1,0.1,24.140625,24.140625,24.140625,24.140625,36.60584677419376,36.60584677419376,36.84765625,36.59765625,50.0,50.0,100.0,100.0,,,,,,,,,,,,,cores,MiB,MiB,cores,MiB,cores,MiB,cores
cert-manager-openshift-routes|deployment|cert-manager,cert-manager,deployment,cert-manager-openshift-routes,cert-manager-openshift-routes,2023-05-27T18:45:00.000Z,0.000767,0.000767,0.001114,0.000452,0.000567,0.000567,0.000567,0.05,0.05,0.1,0.1,24.140625,24.140625,24.140625,24.140625,36.605216733870506,36.605216733870506,36.84765625,36.59375,50.0,50.0,100.0,100.0,,,,,,,,,,,,,cores,MiB,MiB,cores,MiB,cores,MiB,cores
cert-manager-openshift-routes|deployment|cert-manager,cert-manager,deployment,cert-manager-openshift-routes,cert-manager-openshift-routes,2023-05-27T19:00:00.000Z,0.000787,0.000787,0.00126,0.000331,0.000393,0.000393,0.000393,0.05,0.05,0.1,0.1,24.140625,24.140625,24.140625,24.140625,36.601814516129494,36.601814516129494,36.84375,36.59375,50.0,50.0,100.0,100.0,,,,,,,,,,,,,cores,MiB,MiB,cores,MiB,cores,MiB,cores
cert-manager-openshift-routes|deployment|cert-manager,cert-manager,deployment,cert-manager-openshift-routes,cert-manager-openshift-routes,2023-05-27T19:15:00.000Z,0.0007610000000000001,0.0007610000000000001,0.001249,0.000333,0.000258,0.000258,0.000258,0.05,0.05,0.1,0.1,24.140625,24.140625,24.140625,24.140625,36.60194052419376,36.60194052419376,36.84375,36.59375,50.0,50.0,100.0,100.0,,,,,,,,,,,,,cores,MiB,MiB,cores,MiB,cores,MiB,cores
cert-manager-openshift-routes|deployment|cert-manager,cert-manager,deployment,cert-manager-openshift-routes,cert-manager-openshift-routes,2023-05-27T19:30:00.000Z,0.00079,0.00079,0.001322,0.000406,0.000957,0.000957,0.000957,0.05,0.05,0.1,0.1,24.159148185483932,24.159148185483932,24.34375,24.140625,36.62046370967771,36.62046370967771,36.84375,36.59375,50.0,50.0,100.0,100.0,,,,,,,,,,,,,cores,MiB,MiB,cores,MiB,cores,MiB,cores
cert-manager-openshift-routes|deployment|cert-manager,cert-manager,deployment,cert-manager-openshift-routes,cert-manager-openshift-routes,2023-05-27T19:45:00.000Z,0.000787,0.000787,0.001163,0.000378,0.000969,0.000969,0.000969,0.05,0.05,0.1,0.1,24.217741935483932,24.217741935483932,24.22265625,24.16015625,36.67893145161247,36.67893145161247,36.92578125,36.61328125,50.0,50.0,100.0,100.0,,,,,,,,,,,,,cores,MiB,MiB,cores,MiB,cores,MiB,cores
cert-manager-openshift-routes|deployment|cert-manager,cert-manager,deployment,cert-manager-openshift-routes,cert-manager-openshift-routes,2023-05-27T20:00:00.000Z,0.00078,0.00078,0.001212,0.00035800000000000003,0.000454,0.000454,0.000454,0.05,0.05,0.1,0.1,24.1484375,24.1484375,24.25390625,24.0625,36.60672883064556,36.60672883064556,36.92578125,36.51171875,50.0,50.0,100.0,100.0,,,,,,,,,,,,,cores,MiB,MiB,cores,MiB,cores,MiB,cores
cert-manager-openshift-routes|deployment|cert-manager,cert-manager,deployment,cert-manager-openshift-routes,cert-manager-openshift-routes,2023-05-27T20:15:00.000Z,0.000791,0.000791,0.001067,0.0005480000000000001,0.0008820000000000002,0.0008820000000000002,0.0008820000000000002,0.05,0.05,0.1,0.1,24.16809475806427,24.16809475806427,24.2734375,24.0625,36.61731350806427,36.61731350806427,36.72265625,36.51171875,50.0,50.0,100.0,100.0,,,,,,,,,,,,,cores,MiB,MiB,cores,MiB,cores,MiB,cores
cert-manager-openshift-routes|deployment|cert-manager,cert-manager,deployment,cert-manager-openshift-routes,cert-manager-openshift-routes,2023-05-27T20:30:00.000Z,0.000794,0.000794,0.0011619999999999998,0.000304,0.000542,0.000542,0.000542,0.05,0.05,0.1,0.1,24.11592741935444,24.11592741935444,24.15625,24.09375,36.5625,36.5625,36.6015625,36.5390625,50.0,50.0,100.0,100.0,,,,,,,,,,,,,cores,MiB,MiB,cores,MiB,cores,MiB,cores
cert-manager-openshift-routes|deployment|cert-manager,cert-manager,deployment,cert-manager-openshift-routes,cert-manager-openshift-routes,2023-05-27T20:45:00.000Z,0.000775,0.000775,0.001213,0.000393,0.000434,0.000434,0.000434,0.05,0.05,0.1,0.1,24.145413306451797,24.145413306451797,24.2890625,24.1015625,36.5907258064518,36.5907258064518,36.734375,36.546875,50.0,50.0,100.0,100.0,,,,,,,,,,,,,cores,MiB,MiB,cores,MiB,cores,MiB,cores
cert-manager-openshift-routes|deployment|cert-manager,cert-manager,deployment,cert-manager-openshift-routes,cert-manager-openshift-routes,2023-05-27T21:00:00.000Z,0.000797,0.000797,0.001335,0.000423,0.000796,0.000796,0.000796,0.05,0.05,0.1,0.1,24.12109375,24.12109375,24.12109375,24.12109375,36.580141129032135,36.580141129032135,36.81640625,36.5625,50.0,50.0,100.0,100.0,,,,,,,,,,,,,cores,MiB,MiB,cores,MiB,cores,MiB,cores
cert-manager-openshift-routes|deployment|cert-manager,cert-manager,deployment,cert-manager-openshift-routes,cert-manager-openshift-routes,2023-05-27T21:15:00.000Z,0.000784,0.000784,0.001112,0.000401,0.000775,0.000775,0.000775,0.05,0.05,0.1,0.1,24.12109375,24.12109375,24.12109375,24.12109375,36.570816532258036,36.570816532258036,36.8125,36.5625,50.0,50.0,100.0,100.0,,,,,,,,,,,,,cores,MiB,MiB,cores,MiB,cores,MiB,cores
cert-manager-openshift-routes|deployment|cert-manager,cert-manager,deployment,cert-manager-openshift-routes,cert-manager-openshift-routes,2023-05-27T21:30:00.000Z,0.000814,0.000814,0.001187,0.000396,0.000526,0.000526,0.000526,0.05,0.05,0.1,0.1,24.12109375,24.12109375,24.12109375,24.12109375,36.570564516129494,36.570564516129494,36.8125,36.5625,50.0,50.0,100.0,100.0,,,,,,,,,,,,,cores,MiB,MiB,cores,MiB,cores,MiB,cores
cert-manager-openshift-routes|deployment|cert-manager,cert-manager,deployment,cert-manager-openshift-routes,cert-manager-openshift-routes,2023-05-27T21:45:00.000Z,0.000779,0.000779,0.001373,0.000336,0.000593,0.000593,0.000593,0.05,0.05,0.1,0.1,24.12109375,24.12109375,24.12109375,24.12109375,36.570816532258036,36.570816532258036,36.8125,36.5625,50.0,50.0,100.0,100.0,,,,,,,,,,,,,cores,MiB,MiB,cores,MiB,cores,MiB,cores
cert-manager-openshift-routes|deployment|cert-manager,cert-manager,deployment,cert-manager-openshift-routes,cert-manager-openshift-routes,2023-05-27T22:00:00.000Z,0.000778,0.000778,0.00133,0.000378,0.001464,0.001464,0.001464,0.05,0.05,0.1,0.1,24.15902217741966,24.15902217741966,24.1875,24.12109375,36.600554435483936,36.600554435483936,36.62890625,36.5625,50.0,50.0,100.0,100.0,,,,,,,,,,,,,cores,MiB,MiB,cores,MiB,cores,MiB,cores
cert-manager-openshift-routes|deployment|cert-manager,cert-manager,deployment,cert-manager-openshift-routes,cert-manager-openshift-routes,2023-05-27T22:15:00.000Z,0.000786,0.000786,0.001375,0.000379,0.000589,0.000589,0.000589,0.05,0.05,0.1,0.1,24.155241935483932,24.155241935483932,24.1875,24.0625,36.5967741935482,36.5967741935482,36.6328125,36.50390625,50.0,50.0,100.0,100.0,,,,,,,,,,,,,cores,MiB,MiB,cores,MiB,cores,MiB,cores
cert-manager-openshift-routes|deployment|cert-manager,cert-manager,deployment,cert-manager-openshift-routes,cert-manager-openshift-routes,2023-05-27T22:30:00.000Z,0.000796,0.000796,0.001381,0.000399,0.000741,0.000741,0.000741,0.05,0.05,0.1,0.1,24.081401209677697,24.081401209677697,24.09375,24.0625,36.53087197580624,36.53087197580624,36.75390625,36.50390625,50.0,50.0,100.0,100.0,,,,,,,,,,,,,cores,MiB,MiB,cores,MiB,cores,MiB,cores
cert-manager-openshift-routes|deployment|cert-manager,cert-manager,deployment,cert-manager-openshift-routes,cert-manager-openshift-routes,2023-05-27T22:45:00.000Z,0.000781,0.000781,0.001127,0.000437,0.0008939999999999998,0.0008939999999999998,0.0008939999999999998,0.05,0.05,0.1,0.1,24.149193548387526,24.149193548387526,24.21875,24.09375,36.59879032258035,36.59879032258035,36.81640625,36.53515625,50.0,50.0,100.0,100.0,,,,,,,,,,,,,cores,MiB,MiB,cores,MiB,cores,MiB,cores
cert-manager-openshift-routes|deployment|cert-manager,cert-manager,deployment,cert-manager-openshift-routes,cert-manager-openshift-routes,2023-05-27T23:00:00.000Z,0.000802,0.000802,0.001406,0.000322,0.000612,0.000612,0.000612,0.05,0.05,0.1,0.1,24.21875,24.21875,24.21875,24.21875,36.67641129032231,36.67641129032231,36.91015625,36.66015625,50.0,50.0,100.0,100.0,,,,,,,,,,,,,cores,MiB,MiB,cores,MiB,cores,MiB,cores
cert-manager-openshift-routes|deployment|cert-manager,cert-manager,deployment,cert-manager-openshift-routes,cert-manager-openshift-routes,2023-05-27T23:15:00.000Z,0.00078,0.00078,0.001104,0.000367,0.000797,0.000797,0.000797,0.05,0.05,0.1,0.1,24.076738911290168,24.076738911290168,24.21875,24.03125,36.51827116935444,36.51827116935444,36.66015625,36.47265625,50.0,50.0,100.0,100.0,,,,,,,,,,,,,cores,MiB,MiB,cores,MiB,cores,MiB,cores
cert-manager-openshift-routes|deployment|cert-manager,cert-manager,deployment,cert-manager-openshift-routes,cert-manager-openshift-routes,2023-05-27T23:30:00.000Z,0.000848,0.000848,0.001262,0.000344,0.001042,0.001042,0.001042,0.05,0.05,0.1,0.1,24.157636088709832,24.157636088709832,24.171875,24.13671875,36.599420362903594,36.599420362903594,36.6171875,36.578125,50.0,50.0,100.0,100.0,,,,,,,,,,,,,cores,MiB,MiB,cores,MiB,cores,MiB,cores
cert-manager-openshift-routes|deployment|cert-manager,cert-manager,deployment,cert-manager-openshift-routes,cert-manager-openshift-routes,2023-05-27T23:45:00.000Z,0.000824,0.000824,0.001206,0.000339,0.000346,0.000346,0.000346,0.05,0.05,0.1,0.1,24.171875,24.171875,24.171875,24.171875,36.62147177419376,36.62147177419376,36.86328125,36.61328125,50.0,50.0,100.0,100.0,,,,,,,,,,,,,cores,MiB,MiB,cores,MiB,cores,MiB,cores
cert-manager-openshift-routes|deployment|cert-manager,cert-manager,deployment,cert-manager-openshift-routes,cert-manager-openshift-routes,2023-05-28T00:00:00.000Z,0.000796,0.000796,0.001177,0.0005,0.00037,0.00037,0.00037,0.05,0.05,0.1,0.1,24.2016129032259,24.2016129032259,24.24609375,24.171875,36.65952620967771,36.65952620967771,36.9375,36.61328125,50.0,50.0,100.0,100.0,,,,,,,,,,,,,cores,MiB,MiB,cores,MiB,cores,MiB,cores
cert-manager-openshift-routes|deployment|cert-manager,cert-manager,deployment,cert-manager-openshift-routes,cert-manager-openshift-routes,2023-05-28T00:15:00.000Z,0.000754,0.000754,0.001136,0.000336,0.000633,0.000633,0.000633,0.05,0.05,0.1,0.1,24.086189516129494,24.086189516129494,24.24609375,24.0625,36.527595766129494,36.527595766129494,36.6875,36.50390625,50.0,50.0,100.0,100.0,,,,,,,,,,,,,cores,MiB,MiB,cores,MiB,cores,MiB,cores
cert-manager-openshift-routes|deployment|cert-manager,cert-manager,deployment,cert-manager-openshift-routes,cert-manager-openshift-routes,2023-05-28T00:30:00.000Z,0.0007639999999999999,0.0007639999999999999,0.0013460000000000002,0.000368,0.001061,0.001061,0.001061,0.05,0.05,0.1,0.1,24.0625,24.0625,24.0625,24.0625,36.50390625,36.50390625,36.50390625,36.50390625,50.0,50.0,100.0,100.0,,,,,,,,,,,,,cores,MiB,MiB,cores,MiB,cores,MiB,cores
cert-manager-openshift-routes|deployment|cert-manager,cert-manager,deployment,cert-manager-openshift-routes,cert-manager-openshift-routes,2023-05-28T00:45:00.000Z,0.000766,0.000766,0.001195,0.000338,0.0006929999999999999,0.0006929999999999999,0.0006929999999999999,0.05,0.05,0.1,0.1,24.0625,24.0625,24.0625,24.0625,36.50403225806427,36.50403225806427,36.5078125,36.50390625,50.0,50.0,100.0,100.0,,,,,,,,,,,,,cores,MiB,MiB,cores,MiB,cores,MiB,cores
cert-manager-openshift-routes|deployment|cert-manager,cert-manager,deployment,cert-manager-openshift-routes,cert-manager-openshift-routes,2023-05-28T01:00:00.000Z,0.000771,0.000771,0.001241,0.000309,0.001138,0.001138,0.001138,0.05,0.05,0.1,0.1,24.14289314516163,24.14289314516163,24.1484375,24.0625,36.6084929435482,36.6084929435482,36.83984375,36.50390625,50.0,50.0,100.0,100.0,,,,,,,,,,,,,cores,MiB,MiB,cores,MiB,cores,MiB,cores
cert-manager-openshift-routes|deployment|cert-manager,cert-manager,deployment,cert-manager-openshift-routes,cert-manager-openshift-routes,2023-05-28T01:15:00.000Z,0.000784,0.000784,0.001166,0.000417,0.000575,0.000575,0.000575,0.05,0.05,0.1,0.1,24.163054435483932,24.163054435483932,24.203125,24.1484375,36.63684475806427,36.63684475806427,36.89453125,36.58984375,50.0,50.0,100.0,100.0,,,,,,,,,,,,,cores,MiB,MiB,cores,MiB,cores,MiB,cores
cert-manager-openshift-routes|deployment|cert-manager,cert-manager,deployment,cert-manager-openshift-routes,cert-manager-openshift-routes,2023-05-28T01:30:00.000Z,0.0007469999999999999,0.0007469999999999999,0.001344,0.00032,0.000811,0.000811,0.000811,0.05,0.05,0.1,0.1,24.086189516129494,24.086189516129494,24.203125,24.078125,36.52772177419376,36.52772177419376,36.64453125,36.51953125,50.0,50.0,100.0,100.0,,,,,,,,,,,,,cores,MiB,MiB,cores,MiB,cores,MiB,cores
cert-manager-openshift-routes|deployment|cert-manager,cert-manager,deployment,cert-manager-openshift-routes,cert-manager-openshift-routes,2023-05-28T01:45:00.000Z,0.0007509999999999999,0.0007509999999999999,0.001047,0.000405,0.000663,0.000663,0.000663,0.05,0.05,0.1,0.1,24.11706149193573,24.11706149193573,25.28515625,24.078125,36.57497479838753,36.57497479838753,37.7265625,36.51953125,50.0,50.0,100.0,100.0,,,,,,,,,,,,,cores,MiB,MiB,cores,MiB,cores,MiB,cores
cert-manager-openshift-routes|deployment|cert-manager,cert-manager,deployment,cert-manager-openshift-routes,cert-manager-openshift-routes,2023-05-28T02:00:00.000Z,0.0008300000000000001,0.0008300000000000001,0.002602,0.00035,0.001406,0.001406,0.001406,0.05,0.05,0.1,0.1,24.470136088709832,24.470136088709832,25.47265625,24.1796875,36.91179435483837,36.91179435483837,37.9140625,36.62109375,50.0,50.0,100.0,100.0,,,,,,,,,,,,,cores,MiB,MiB,cores,MiB,cores,MiB,cores
cert-manager-openshift-routes|deployment|cert-manager,cert-manager,deployment,cert-manager-openshift-routes,cert-manager-openshift-routes,2023-05-28T02:15:00.000Z,0.0010279999999999998,0.0010279999999999998,0.00393,0.000383,0.0005740000000000001,0.0005740000000000001,0.0005740000000000001,0.05,0.05,0.1,0.1,24.48601310483837,24.48601310483837,26.30859375,24.19921875,36.935609879032135,36.935609879032135,38.75,36.640625,50.0,50.0,100.0,100.0,,,,,,,,,,,,,cores,MiB,MiB,cores,MiB,cores,MiB,cores
cert-manager-openshift-routes|deployment|cert-manager,cert-manager,deployment,cert-manager-openshift-routes,cert-manager-openshift-routes,2023-05-28T02:30:00.000Z,0.0008150000000000001,0.0008150000000000001,0.001458,0.000446,0.000445,0.000445,0.000445,0.05,0.05,0.1,0.1,24.17351310483837,24.17351310483837,24.2734375,24.078125,36.622983870967865,36.622983870967865,36.96484375,36.51953125,50.0,50.0,100.0,100.0,,,,,,,,,,,,,cores,MiB,MiB,cores,MiB,cores,MiB,cores
cert-manager-openshift-routes|deployment|cert-manager,cert-manager,deployment,cert-manager-openshift-routes,cert-manager-openshift-routes,2023-05-28T02:45:00.000Z,0.000779,0.000779,0.001203,0.000355,0.000422,0.000422,0.000422,0.05,0.05,0.1,0.1,24.0835433467741,24.0835433467741,24.17578125,24.03125,36.5249495967741,36.5249495967741,36.6171875,36.47265625,50.0,50.0,100.0,100.0,,,,,,,,,,,,,cores,MiB,MiB,cores,MiB,cores,MiB,cores
cert-manager-openshift-routes|deployment|cert-manager,cert-manager,deployment,cert-manager-openshift-routes,cert-manager-openshift-routes,2023-05-28T03:00:00.000Z,0.000807,0.000807,0.0012369999999999998,0.000453,0.000194,0.000194,0.000194,0.05,0.05,0.1,0.1,24.104712701612474,24.104712701612474,24.2109375,24.0,36.55430947580624,36.55430947580624,36.81640625,36.44140625,50.0,50.0,100.0,100.0,,,,,,,,,,,,,cores,MiB,MiB,cores,MiB,cores,MiB,cores
cert-manager-openshift-routes|deployment|cert-manager,cert-manager,deployment,cert-manager-openshift-routes,cert-manager-openshift-routes,2023-05-28T03:15:00.000Z,0.000776,0.000776,0.001361,0.000392,0.000556,0.000556,0.000556,0.05,0.05,0.1,0.1,24.13671875,24.13671875,24.1953125,24.0859375,36.594254032258036,36.594254032258036,36.83984375,36.52734375,50.0,50.0,100.0,100.0,,,,,,,,,,,,,cores,MiB,MiB,cores,MiB,cores,MiB,cores
cert-manager-openshift-routes|deployment|cert-manager,cert-manager,deployment,cert-manager-openshift-routes,cert-manager-openshift-routes,2023-05-28T03:30:00.000Z,0.0008150000000000001,0.0008150000000000001,0.00123,0.000513,0.001108,0.001108,0.001108,0.05,0.05,0.1,0.1,24.0805191532259,24.0805191532259,24.34375,24.03515625,36.53830645161247,36.53830645161247,36.78515625,36.4765625,50.0,50.0,100.0,100.0,,,,,,,,,,,,,cores,MiB,MiB,cores,MiB,cores,MiB,cores
cert-manager-openshift-routes|deployment|cert-manager,cert-manager,deployment,cert-manager-openshift-routes,cert-manager-openshift-routes,2023-05-28T03:45:00.000Z,0.000789,0.000789,0.001285,0.000303,0.000573,0.000573,0.000573,0.05,0.05,0.1,0.1,24.05859375,24.05859375,24.05859375,24.05859375,36.50012600806427,36.50012600806427,36.50390625,36.5,50.0,50.0,100.0,100.0,,,,,,,,,,,,,cores,MiB,MiB,cores,MiB,cores,MiB,cores
cert-manager-openshift-routes|deployment|cert-manager,cert-manager,deployment,cert-manager-openshift-routes,cert-manager-openshift-routes,2023-05-28T04:00:00.000Z,0.000792,0.000792,0.001241,0.00032,0.000563,0.000563,0.000563,0.05,0.05,0.1,0.1,24.060609879032135,24.060609879032135,24.08984375,24.05859375,36.502016129032135,36.502016129032135,36.53125,36.5,50.0,50.0,100.0,100.0,,,,,,,,,,,,,cores,MiB,MiB,cores,MiB,cores,MiB,cores
cert-manager-openshift-routes|deployment|cert-manager,cert-manager,deployment,cert-manager-openshift-routes,cert-manager-openshift-routes,2023-05-28T04:15:00.000Z,0.00079,0.00079,0.001295,0.000295,0.000755,0.000755,0.000755,0.05,0.05,0.1,0.1,24.08996975806427,24.08996975806427,24.09375,24.08984375,36.5399445564518,36.5399445564518,36.78125,36.53125,50.0,50.0,100.0,100.0,,,,,,,,,,,,,cores,MiB,MiB,cores,MiB,cores,MiB,cores
cert-manager-openshift-routes|deployment|cert-manager,cert-manager,deployment,cert-manager-openshift-routes,cert-manager-openshift-routes,2023-05-28T04:30:00.000Z,0.000786,0.000786,0.0013310000000000002,0.000393,0.000915,0.000915,0.000915,0.05,0.05,0.1,0.1,24.107610887096406,24.107610887096406,24.1796875,24.015625,36.549017137096406,36.549017137096406,36.62109375,36.45703125,50.0,50.0,100.0,100.0,,,,,,,,,,,,,cores,MiB,MiB,cores,MiB,cores,MiB,cores
cert-manager-openshift-routes|deployment|cert-manager,cert-manager,deployment,cert-manager-openshift-routes,cert-manager-openshift-routes,2023-05-28T04:45:00.000Z,0.000785,0.000785,0.001105,0.00044,0.000139,0.000139,0.000139,0.05,0.05,0.1,0.1,24.015625,24.015625,24.015625,24.015625,36.45703125,36.45703125,36.45703125,36.45703125,50.0,50.0,100.0,100.0,,,,,,,,,,,,,cores,MiB,MiB,cores,MiB,cores,MiB,cores
cert-manager-openshift-routes|deployment|cert-manager,cert-manager,deployment,cert-manager-openshift-routes,cert-manager-openshift-routes,2023-05-28T05:00:00.000Z,0.000786,0.000786,0.001178,0.000403,0.00059,0.00059,0.00059,0.05,0.05,0.1,0.1,24.0288558467741,24.0288558467741,24.03515625,24.015625,36.47038810483837,36.47038810483837,36.48046875,36.45703125,50.0,50.0,100.0,100.0,,,,,,,,,,,,,cores,MiB,MiB,cores,MiB,cores,MiB,cores
cert-manager-openshift-routes|deployment|cert-manager,cert-manager,deployment,cert-manager-openshift-routes,cert-manager-openshift-routes,2023-05-28T05:15:00.000Z,0.000794,0.000794,0.001174,0.000559,0.0008939999999999998,0.0008939999999999998,0.0008939999999999998,0.05,0.05,0.1,0.1,24.03515625,24.03515625,24.03515625,24.03515625,36.48475302419376,36.48475302419376,36.7265625,36.4765625,50.0,50.0,100.0,100.0,,,,,,,,,,,,,cores,MiB,MiB,cores,MiB,cores,MiB,cores
cert-manager-openshift-routes|deployment|cert-manager,cert-manager,deployment,cert-manager-openshift-routes,cert-manager-openshift-routes,2023-05-28T05:30:00.000Z,0.0007830000000000001,0.0007830000000000001,0.001283,0.000382,0.001043,0.001043,0.001043,0.05,0.05,0.1,0.1,24.102948588709832,24.102948588709832,24.1328125,24.03515625,36.54435483870983,36.54435483870983,36.57421875,36.4765625,50.0,50.0,100.0,100.0,,,,,,,,,,,,,cores,MiB,MiB,cores,MiB,cores,MiB,cores
cert-manager-openshift-routes|deployment|cert-manager,cert-manager,deployment,cert-manager-openshift-routes,cert-manager-openshift-routes,2023-05-28T05:45:00.000Z,0.000789,0.000789,0.001193,0.000398,0.0006730000000000001,0.0006730000000000001,0.0006730000000000001,0.05,0.05,0.1,0.1,24.11164314516163,24.11164314516163,24.1640625,24.0390625,36.56111391129017,36.56111391129017,36.73046875,36.48046875,50.0,50.0,100.0,100.0,,,,,,,,,,,,,cores,MiB,MiB,cores,MiB,cores,MiB,cores
cert-manager-openshift-routes|deployment|cert-manager,cert-manager,deployment,cert-manager-openshift-routes,cert-manager-openshift-routes,2023-05-28T06:00:00.000Z,0.000792,0.000792,0.001216,0.000435,0.001174,0.001174,0.001174,0.05,0.05,0.1,0.1,24.14831149193573,24.14831149193573,24.16015625,24.04296875,36.58984375,36.58984375,36.60546875,36.484375,50.0,50.0,100.0,100.0,,,,,,,,,,,,,cores,MiB,MiB,cores,MiB,cores,MiB,cores
cert-manager-openshift-routes|deployment|cert-manager,cert-manager,deployment,cert-manager-openshift-routes,cert-manager-openshift-routes,2023-05-28T06:15:00.000Z,0.000786,0.000786,0.001254,0.000288,0.00021,0.00021,0.00021,0.05,0.05,0.1,0.1,24.171622983870506,24.171622983870506,24.30859375,24.09765625,36.61441532258035,36.61441532258035,36.75,36.54296875,50.0,50.0,100.0,100.0,,,,,,,,,,,,,cores,MiB,MiB,cores,MiB,cores,MiB,cores
cert-manager-openshift-routes|deployment|cert-manager,cert-manager,deployment,cert-manager-openshift-routes,cert-manager-openshift-routes,2023-05-28T06:30:00.000Z,0.000808,0.000808,0.001112,0.000532,0.001213,0.001213,0.001213,0.05,0.05,0.1,0.1,24.141003024193765,24.141003024193765,24.20703125,24.0234375,36.58240927419376,36.58240927419376,36.6484375,36.46484375,50.0,50.0,100.0,100.0,,,,,,,,,,,,,cores,MiB,MiB,cores,MiB,cores,MiB,cores
cert-manager-openshift-routes|deployment|cert-manager,cert-manager,deployment,cert-manager-openshift-routes,cert-manager-openshift-routes,2023-05-28T06:45:00.000Z,0.000791,0.000791,0.001271,0.000443,0.0008380000000000001,0.0008380000000000001,0.0008380000000000001,0.05,0.05,0.1,0.1,24.050151209677697,24.050151209677697,24.0703125,24.0234375,36.5243195564518,36.5243195564518,36.9921875,36.46484375,50.0,50.0,100.0,100.0,,,,,,,,,,,,,cores,MiB,MiB,cores,MiB,cores,MiB,cores
cert-manager-openshift-routes|deployment|cert-manager,cert-manager,deployment,cert-manager-openshift-routes,cert-manager-openshift-routes,2023-05-28T07:00:00.000Z,0.000758,0.000758,0.001182,0.000395,0.000633,0.000633,0.000633,0.05,0.05,0.1,0.1,24.128528225806235,24.128528225806235,24.171875,24.0703125,36.59412802419376,36.59412802419376,36.82421875,36.51171875,50.0,50.0,100.0,100.0,,,,,,,,,,,,,cores,MiB,MiB,cores,MiB,cores,MiB,cores
cert-manager-openshift-routes|deployment|cert-manager,cert-manager,deployment,cert-manager-openshift-routes,cert-manager-openshift-routes,2023-05-28T07:15:00.000Z,0.000782,0.000782,0.001147,0.000383,0.001033,0.001033,0.001033,0.05,0.05,0.1,0.1,24.17842741935444,24.17842741935444,24.1796875,24.171875,36.6280241935482,36.6280241935482,36.86328125,36.61328125,50.0,50.0,100.0,100.0,,,,,,,,,,,,,cores,MiB,MiB,cores,MiB,cores,MiB,cores
cert-manager-openshift-routes|deployment|cert-manager,cert-manager,deployment,cert-manager-openshift-routes,cert-manager-openshift-routes,2023-05-28T07:30:00.000Z,0.000787,0.000787,0.001147,0.00036,0.001132,0.001132,0.001132,0.05,0.05,0.1,0.1,24.1796875,24.1796875,24.1796875,24.1796875,36.62109375,36.62109375,36.62109375,36.62109375,50.0,50.0,100.0,100.0,,,,,,,,,,,,,cores,MiB,MiB,cores,MiB,cores,MiB,cores
cert-manager-openshift-routes|deployment|cert-manager,cert-manager,deployment,cert-manager-openshift-routes,cert-manager-openshift-routes,2023-05-28T07:45:00.000Z,0.0007830000000000001,0.0007830000000000001,0.0014,0.000404,0.000121,0.000121,0.000121,0.05,0.05,0.1,0.1,24.1796875,24.1796875,24.1796875,24.1796875,36.62109375,36.62109375,36.62109375,36.62109375,50.0,50.0,100.0,100.0,,,,,,,,,,,,,cores,MiB,MiB,cores,MiB,cores,MiB,cores
cert-manager-openshift-routes|deployment|cert-manager,cert-manager,deployment,cert-manager-openshift-routes,cert-manager-openshift-routes,2023-05-28T08:00:00.000Z,0.000772,0.000772,0.001151,0.00031800000000000003,0.001109,0.001109,0.001109,0.05,0.05,0.1,0.1,24.17174899193573,24.17174899193573,24.24609375,24.0546875,36.621597782258036,36.621597782258036,36.84375,36.49609375,50.0,50.0,100.0,100.0,,,,,,,,,,,,,cores,MiB,MiB,cores,MiB,cores,MiB,cores
cert-manager-openshift-routes|deployment|cert-manager,cert-manager,deployment,cert-manager-openshift-routes,cert-manager-openshift-routes,2023-05-28T08:15:00.000Z,0.00078,0.00078,0.001351,0.000328,0.001088,0.001088,0.001088,0.05,0.05,0.1,0.1,24.14327116935444,24.14327116935444,24.24609375,24.05859375,36.60899697580624,36.60899697580624,36.8984375,36.5,50.0,50.0,100.0,100.0,,,,,,,,,,,,,cores,MiB,MiB,cores,MiB,cores,MiB,cores
cert-manager-openshift-routes|deployment|cert-manager,cert-manager,deployment,cert-manager-openshift-routes,cert-manager-openshift-routes,2023-05-28T08:30:00.000Z,0.0007830000000000001,0.0007830000000000001,0.001386,0.000328,0.000545,0.000545,0.000545,0.05,0.05,0.1,0.1,24.20703125,24.20703125,24.20703125,24.20703125,36.66532258064556,36.66532258064556,36.8984375,36.6484375,50.0,50.0,100.0,100.0,,,,,,,,,,,,,cores,MiB,MiB,cores,MiB,cores,MiB,cores
cert-manager-openshift-routes|deployment|cert-manager,cert-manager,deployment,cert-manager-openshift-routes,cert-manager-openshift-routes,2023-05-28T08:45:00.000Z,0.000768,0.000768,0.001239,0.000334,0.000982,0.000982,0.000982,0.05,0.05,0.1,0.1,24.104964717741968,24.104964717741968,24.20703125,24.03125,36.5546875,36.5546875,36.72265625,36.47265625,50.0,50.0,100.0,100.0,,,,,,,,,,,,,cores,MiB,MiB,cores,MiB,cores,MiB,cores
cert-manager-openshift-routes|deployment|cert-manager,cert-manager,deployment,cert-manager-openshift-routes,cert-manager-openshift-routes,2023-05-28T09:00:00.000Z,0.0007599999999999999,0.0007599999999999999,0.001058,0.00032900000000000003,0.000187,0.000187,0.000187,0.05,0.05,0.1,0.1,24.03125,24.03125,24.03125,24.03125,36.4969758064518,36.4969758064518,36.72265625,36.47265625,50.0,50.0,100.0,100.0,,,,,,,,,,,,,cores,MiB,MiB,cores,MiB,cores,MiB,cores
cert-manager-openshift-routes|deployment|cert-manager,cert-manager,deployment,cert-manager-openshift-routes,cert-manager-openshift-routes,2023-05-28T09:15:00.000Z,0.000772,0.000772,0.001117,0.000331,0.000563,0.000563,0.000563,0.05,0.05,0.1,0.1,24.03125,24.03125,24.03125,24.03125,36.48084677419376,36.48084677419376,36.72265625,36.47265625,50.0,50.0,100.0,100.0,,,,,,,,,,,,,cores,MiB,MiB,cores,MiB,cores,MiB,cores
cert-manager-openshift-routes|deployment|cert-manager,cert-manager,deployment,cert-manager-openshift-routes,cert-manager-openshift-routes,2023-05-28T09:30:00.000Z,0.000754,0.000754,0.001341,0.000333,0.000775,0.000775,0.000775,0.05,0.05,0.1,0.1,24.067414314516068,24.067414314516068,24.09375,24.03125,36.525327620967865,36.525327620967865,36.78515625,36.47265625,50.0,50.0,100.0,100.0,,,,,,,,,,,,,cores,MiB,MiB,cores,MiB,cores,MiB,cores
cert-manager-openshift-routes|deployment|cert-manager,cert-manager,deployment,cert-manager-openshift-routes,cert-manager-openshift-routes,2023-05-28T09:45:00.000Z,0.000752,0.000752,0.001109,0.000373,0.001051,0.001051,0.001051,0.05,0.05,0.1,0.1,24.09375,24.09375,24.09375,24.09375,36.53515625,36.53515625,36.53515625,36.53515625,50.0,50.0,100.0,100.0,,,,,,,,,,,,,cores,MiB,MiB,cores,MiB,cores,MiB,cores
cert-manager-openshift-routes|deployment|cert-manager,cert-manager,deployment,cert-manager-openshift-routes,cert-manager-openshift-routes,2023-05-28T10:00:00.000Z,0.0008289999999999999,0.0008289999999999999,0.002681,0.000397,0.001481,0.001481,0.001481,0.05,0.05,0.1,0.1,24.506426411290168,24.506426411290168,26.1015625,24.09375,36.93712197580624,36.93712197580624,38.734375,36.48828125,50.0,50.0,100.0,100.0,,,,,,,,,,,,,cores,MiB,MiB,cores,MiB,cores,MiB,cores
cert-manager-openshift-routes|deployment|cert-manager,cert-manager,deployment,cert-manager-openshift-routes,cert-manager-openshift-routes,2023-05-28T10:15:00.000Z,0.00075,0.00075,0.001036,0.000362,0.000519,0.000519,0.000519,0.05,0.05,0.1,0.1,24.168724798387526,24.168724798387526,24.19921875,24.16015625,36.58732358870983,36.58732358870983,36.8125,36.5625,50.0,50.0,100.0,100.0,,,,,,,,,,,,,cores,MiB,MiB,cores,MiB,cores,MiB,cores
cert-manager-openshift-routes|deployment|cert-manager,cert-manager,deployment,cert-manager-openshift-routes,cert-manager-openshift-routes,2023-05-28T10:30:00.000Z,0.000772,0.000772,0.001309,0.000365,0.000891,0.000891,0.000891,0.05,0.05,0.1,0.1,24.091607862903594,24.091607862903594,24.3046875,24.05078125,36.494203629032135,36.494203629032135,36.70703125,36.453125,50.0,50.0,100.0,100.0,,,,,,,,,,,,,cores,MiB,MiB,cores,MiB,cores,MiB,cores
cert-manager-openshift-routes|deployment|cert-manager,cert-manager,deployment,cert-manager-openshift-routes,cert-manager-openshift-routes,2023-05-28T10:45:00.000Z,0.0007509999999999999,0.0007509999999999999,0.001265,0.000373,0.000921,0.000921,0.000921,0.05,0.05,0.1,0.1,24.05078125,24.05078125,24.05078125,24.05078125,36.45350302419376,36.45350302419376,36.45703125,36.453125,50.0,50.0,100.0,100.0,,,,,,,,,,,,,cores,MiB,MiB,cores,MiB,cores,MiB,cores
cert-manager-openshift-routes|deployment|cert-manager,cert-manager,deployment,cert-manager-openshift-routes,cert-manager-openshift-routes,2023-05-28T11:00:00.000Z,0.0007700000000000001,0.0007700000000000001,0.001371,0.000396,0.000412,0.000412,0.000412,0.05,0.05,0.1,0.1,24.05078125,24.05078125,24.05078125,24.05078125,36.45350302419376,36.45350302419376,36.45703125,36.453125,50.0,50.0,100.0,100.0,,,,,,,,,,,,,cores,MiB,MiB,cores,MiB,cores,MiB,cores
cert-manager-openshift-routes|deployment|cert-manager,cert-manager,deployment,cert-manager-openshift-routes,cert-manager-openshift-routes,2023-05-28T11:15:00.000Z,0.00074,0.00074,0.001087,0.000313,0.000785,0.000785,0.000785,0.05,0.05,0.1,0.1,24.078881048387526,24.078881048387526,24.30859375,24.05078125,36.49747983870983,36.49747983870983,36.73046875,36.453125,50.0,50.0,100.0,100.0,,,,,,,,,,,,,cores,MiB,MiB,cores,MiB,cores,MiB,cores
cert-manager-openshift-routes|deployment|cert-manager,cert-manager,deployment,cert-manager-openshift-routes,cert-manager-openshift-routes,2023-05-28T11:30:00.000Z,0.000759,0.000759,0.001104,0.000412,2.4e-05,2.4e-05,2.4e-05,0.05,0.05,0.1,0.1,24.106098790322303,24.106098790322303,24.15234375,24.03515625,36.52457157258035,36.52457157258035,36.8046875,36.4375,50.0,50.0,100.0,100.0,,,,,,,,,,,,,cores,MiB,MiB,cores,MiB,cores,MiB,cores
cert-manager-openshift-routes|deployment|cert-manager,cert-manager,deployment,cert-manager-openshift-routes,cert-manager-openshift-routes,2023-05-28T11:45:00.000Z,0.000752,0.000752,0.001187,0.000362,0.000627,0.000627,0.000627,0.05,0.05,0.1,0.1,24.03515625,24.03515625,24.03515625,24.03515625,36.437752016129494,36.437752016129494,36.4453125,36.4375,50.0,50.0,100.0,100.0,,,,,,,,,,,,,cores,MiB,MiB,cores,MiB,cores,MiB,cores
cert-manager-openshift-routes|deployment|cert-manager,cert-manager,deployment,cert-manager-openshift-routes,cert-manager-openshift-routes,2023-05-28T12:00:00.000Z,0.000745,0.000745,0.001194,0.000405,0.000816,0.000816,0.000816,0.05,0.05,0.1,0.1,24.053805443548203,24.053805443548203,24.05859375,24.03515625,36.46446572580624,36.46446572580624,36.7109375,36.4375,50.0,50.0,100.0,100.0,,,,,,,,,,,,,cores,MiB,MiB,cores,MiB,cores,MiB,cores
cert-manager-openshift-routes|deployment|cert-manager,cert-manager,deployment,cert-manager-openshift-routes,cert-manager-openshift-routes,2023-05-28T12:15:00.000Z,0.000769,0.000769,0.001255,0.000319,0.000743,0.000743,0.000743,0.05,0.05,0.1,0.1,24.05859375,24.05859375,24.05859375,24.05859375,36.469002016129494,36.469002016129494,36.7109375,36.4609375,50.0,50.0,100.0,100.0,,,,,,,,,,,,,cores,MiB,MiB,cores,MiB,cores,MiB,cores
cert-manager-openshift-routes|deployment|cert-manager,cert-manager,deployment,cert-manager-openshift-routes,cert-manager-openshift-routes,2023-05-28T12:30:00.000Z,0.000752,0.000752,0.001215,0.000496,0.0008990000000000002,0.0008990000000000002,0.0008990000000000002,0.05,0.05,0.1,0.1,24.05859375,24.05859375,24.05859375,24.05859375,36.461189516129494,36.461189516129494,36.46484375,36.4609375,50.0,50.0,100.0,100.0,,,,,,,,,,,,,cores,MiB,MiB,cores,MiB,cores,MiB,cores
cert-manager-openshift-routes|deployment|cert-manager,cert-manager,deployment,cert-manager-openshift-routes,cert-manager-openshift-routes,2023-05-28T12:45:00.000Z,0.0007469999999999999,0.0007469999999999999,0.001284,0.000369,0.000413,0.000413,0.000413,0.05,0.05,0.1,0.1,24.05859375,24.05859375,24.05859375,24.05859375,36.4852570564518,36.4852570564518,36.7109375,36.4609375,50.0,50.0,100.0,100.0,,,,,,,,,,,,,cores,MiB,MiB,cores,MiB,cores,MiB,cores
cert-manager-openshift-routes|deployment|cert-manager,cert-manager,deployment,cert-manager-openshift-routes,cert-manager-openshift-routes,2023-05-28T13:00:00.000Z,0.0007469999999999999,0.0007469999999999999,0.001228,0.000355,0.001453,0.001453,0.001453,0.05,0.05,0.1,0.1,24.05859375,24.05859375,24.05859375,24.05859375,36.469002016129494,36.469002016129494,36.7109375,36.4609375,50.0,50.0,100.0,100.0,,,,,,,,,,,,,cores,MiB,MiB,cores,MiB,cores,MiB,cores
cert-manager-openshift-routes|deployment|cert-manager,cert-manager,deployment,cert-manager-openshift-routes,cert-manager-openshift-routes,2023-05-28T13:15:00.000Z,0.000989,0.000989,0.005824,0.000394,0.000404,0.000404,0.000404,0.05,0.05,0.1,0.1,24.742439516129494,24.742439516129494,26.16015625,24.05859375,37.1655745967741,37.1655745967741,38.578125,36.4609375,50.0,50.0,100.0,100.0,,,,,,,,,,,,,cores,MiB,MiB,cores,MiB,cores,MiB,cores
cert-manager-openshift-routes|deployment|cert-manager,cert-manager,deployment,cert-manager-openshift-routes,cert-manager-openshift-routes,2023-05-28T13:30:00.000Z,0.000742,0.000742,0.001148,0.000418,0.000644,0.000644,0.000644,0.05,0.05,0.1,0.1,24.08480342741966,24.08480342741966,24.29296875,23.99609375,36.5030241935482,36.5030241935482,36.78515625,36.40625,50.0,50.0,100.0,100.0,,,,,,,,,,,,,cores,MiB,MiB,cores,MiB,cores,MiB,cores
cert-manager-openshift-routes|deployment|cert-manager,cert-manager,deployment,cert-manager-openshift-routes,cert-manager-openshift-routes,2023-05-28T13:45:00.000Z,0.00075,0.00075,0.001314,0.000344,0.000236,0.000236,0.000236,0.05,0.05,0.1,0.1,24.04410282258034,24.04410282258034,24.16796875,23.99609375,36.45425907258035,36.45425907258035,36.578125,36.40625,50.0,50.0,100.0,100.0,,,,,,,,,,,,,cores,MiB,MiB,cores,MiB,cores,MiB,cores
cert-manager-openshift-routes|deployment|cert-manager,cert-manager,deployment,cert-manager-openshift-routes,cert-manager-openshift-routes,2023-05-28T14:00:00.000Z,0.0007650000000000001,0.0007650000000000001,0.001291,0.000368,0.000828,0.000828,0.000828,0.05,0.05,0.1,0.1,24.05078125,24.05078125,24.05078125,24.05078125,36.469002016129494,36.469002016129494,36.7109375,36.4609375,50.0,50.0,100.0,100.0,,,,,,,,,,,,,cores,MiB,MiB,cores,MiB,cores,MiB,cores
cert-manager-openshift-routes|deployment|cert-manager,cert-manager,deployment,cert-manager-openshift-routes,cert-manager-openshift-routes,2023-05-28T14:15:00.000Z,0.0007570000000000001,0.0007570000000000001,0.001048,0.00042,0.0007610000000000001,0.0007610000000000001,0.0007610000000000001,0.05,0.05,0.1,0.1,24.054939516129494,24.054939516129494,24.0625,24.05078125,36.47328629032231,36.47328629032231,36.7109375,36.4609375,50.0,50.0,100.0,100.0,,,,,,,,,,,,,cores,MiB,MiB,cores,MiB,cores,MiB,cores
cert-manager-openshift-routes|deployment|cert-manager,cert-manager,deployment,cert-manager-openshift-routes,cert-manager-openshift-routes,2023-05-28T14:30:00.000Z,0.000754,0.000754,0.0010949999999999998,0.000359,0.00061,0.00061,0.00061,0.05,0.05,0.1,0.1,24.107358870967865,24.107358870967865,24.2578125,24.0625,36.53377016129017,36.53377016129017,36.7734375,36.47265625,50.0,50.0,100.0,100.0,,,,,,,,,,,,,cores,MiB,MiB,cores,MiB,cores,MiB,cores
cert-manager-openshift-routes|deployment|cert-manager,cert-manager,deployment,cert-manager-openshift-routes,cert-manager-openshift-routes,2023-05-28T14:45:00.000Z,0.0007610000000000001,0.0007610000000000001,0.001156,0.000406,0.000771,0.000771,0.000771,0.05,0.05,0.1,0.1,24.045488911290168,24.045488911290168,24.1171875,23.96484375,36.45564516129017,36.45564516129017,36.52734375,36.375,50.0,50.0,100.0,100.0,,,,,,,,,,,,,cores,MiB,MiB,cores,MiB,cores,MiB,cores
cert-manager-openshift-routes|deployment|cert-manager,cert-manager,deployment,cert-manager-openshift-routes,cert-manager-openshift-routes,2023-05-28T15:00:00.000Z,0.0007469999999999999,0.0007469999999999999,0.001109,0.000411,0.000234,0.000234,0.000234,0.05,0.05,0.1,0.1,24.03641633064556,24.03641633064556,24.05859375,23.99609375,36.462827620967865,36.462827620967865,36.71875,36.40625,50.0,50.0,100.0,100.0,,,,,,,,,,,,,cores,MiB,MiB,cores,MiB,cores,MiB,cores
cert-manager-openshift-routes|deployment|cert-manager,cert-manager,deployment,cert-manager-openshift-routes,cert-manager-openshift-routes,2023-05-28T15:15:00.000Z,0.000763,0.000763,0.001373,0.000254,0.000839,0.000839,0.000839,0.05,0.05,0.1,0.1,24.078881048387526,24.078881048387526,24.13671875,23.88671875,36.48903729838753,36.48903729838753,36.546875,36.296875,50.0,50.0,100.0,100.0,,,,,,,,,,,,,cores,MiB,MiB,cores,MiB,cores,MiB,cores
cert-manager-openshift-routes|deployment|cert-manager,cert-manager,deployment,cert-manager-openshift-routes,cert-manager-openshift-routes,2023-05-28T15:30:00.000Z,0.000749,0.000749,0.001189,0.000441,0.000791,0.000791,0.000791,0.05,0.05,0.1,0.1,23.901839717741968,23.901839717741968,23.91015625,23.88671875,36.32018649193573,36.32018649193573,36.5703125,36.296875,50.0,50.0,100.0,100.0,,,,,,,,,,,,,cores,MiB,MiB,cores,MiB,cores,MiB,cores
cert-manager-openshift-routes|deployment|cert-manager,cert-manager,deployment,cert-manager-openshift-routes,cert-manager-openshift-routes,2023-05-28T15:45:00.000Z,0.000755,0.000755,0.001212,0.000409,0.0007019999999999999,0.0007019999999999999,0.0007019999999999999,0.05,0.05,0.1,0.1,23.929309475806235,23.929309475806235,23.93359375,23.91015625,36.34753024193573,36.34753024193573,36.59375,36.3203125,50.0,50.0,100.0,100.0,,,,,,,,,,,,,cores,MiB,MiB,cores,MiB,cores,MiB,cores
cert-manager-openshift-routes|deployment|cert-manager,cert-manager,deployment,cert-manager-openshift-routes,cert-manager-openshift-routes,2023-05-28T16:00:00.000Z,0.000743,0.000743,0.001255,0.000233,0.000262,0.000262,0.000262,0.05,0.05,0.1,0.1,23.93359375,23.93359375,23.93359375,23.93359375,36.36794354838753,36.36794354838753,36.59375,36.34375,50.0,50.0,100.0,100.0,,,,,,,,,,,,,cores,MiB,MiB,cores,MiB,cores,MiB,cores
cert-manager-openshift-routes|deployment|cert-manager,cert-manager,deployment,cert-manager-openshift-routes,cert-manager-openshift-routes,2023-05-28T16:15:00.000Z,0.000759,0.000759,0.001163,0.000364,0.001772,0.001772,0.001772,0.05,0.05,0.1,0.1,23.93359375,23.93359375,23.93359375,23.93359375,36.351814516129494,36.351814516129494,36.59375,36.34375,50.0,50.0,100.0,100.0,,,,,,,,,,,,,cores,MiB,MiB,cores,MiB,cores,MiB,cores
cert-manager-openshift-routes|deployment|cert-manager,cert-manager,deployment,cert-manager-openshift-routes,cert-manager-openshift-routes,2023-05-28T16:30:00.000Z,0.000776,0.000776,0.001175,0.000365,0.000215,0.000215,0.000215,0.05,0.05,0.1,0.1,23.93359375,23.93359375,23.93359375,23.93359375,36.36000504032231,36.36000504032231,36.59375,36.34375,50.0,50.0,100.0,100.0,,,,,,,,,,,,,cores,MiB,MiB,cores,MiB,cores,MiB,cores
cert-manager-openshift-routes|deployment|cert-manager,cert-manager,deployment,cert-manager-openshift-routes,cert-manager-openshift-routes,2023-05-28T16:45:00.000Z,0.0007700000000000001,0.0007700000000000001,0.001228,0.000326,0.0005780000000000001,0.0005780000000000001,0.0005780000000000001,0.05,0.05,0.1,0.1,23.93359375,23.93359375,23.93359375,23.93359375,36.36050907258035,36.36050907258035,36.59375,36.34375,50.0,50.0,100.0,100.0,,,,,,,,,,,,,cores,MiB,MiB,cores,MiB,cores,MiB,cores
cert-manager-openshift-routes|deployment|cert-manager,cert-manager,deployment,cert-manager-openshift-routes,cert-manager-openshift-routes,2023-05-28T17:00:00.000Z,0.0007769999999999999,0.0007769999999999999,0.001155,0.000409,0.000872,0.000872,0.000872,0.05,0.05,0.1,0.1,23.93359375,23.93359375,23.93359375,23.93359375,36.351814516129494,36.351814516129494,36.59375,36.34375,50.0,50.0,100.0,100.0,,,,,,,,,,,,,cores,MiB,MiB,cores,MiB,cores,MiB,cores
cert-manager-openshift-routes|deployment|cert-manager,cert-manager,deployment,cert-manager-openshift-routes,cert-manager-openshift-routes,2023-05-28T17:15:00.000Z,0.0007509999999999999,0.0007509999999999999,0.001185,0.000381,0.000605,0.000605,0.000605,0.05,0.05,0.1,0.1,23.93359375,23.93359375,23.93359375,23.93359375,36.34375,36.34375,36.34375,36.34375,50.0,50.0,100.0,100.0,0.006228,41.9,0.006228,41.9,,,,,,,,,cores,MiB,MiB,cores,MiB,cores,MiB,cores
